txn_id,date,description,amount,balance,vendor_name,invoice_number,reference_number
TXN-1592,2022-12-31,Bonus Payment - Q1,-146697.12,-34392491.08,,,REF160541
TXN-1556,2023-01-01,Payroll - Staff Salaries,-376704.08,-23851982.29,,,REF451317
TXN-1574,2023-01-01,Payroll - Management,-223598.93,-30543378.96,,,REF837733
TXN-1433,2023-01-02,Payment - Global Print House,-14665.76,-9248462.8,Global Print House,GPH-7825-023,REF296412
TXN-1208,2023-01-03,Payment - Zenith Traders,-18216.98,-3624998.28,Zenith Traders,ZT-7693-006,REF572387
TXN-1246,2023-01-03,Payment - Delta Office Supplies,-8446.18,-4135952.82,Delta Office Supplies,DOS-5634-017,REF861319
TXN-1610,2023-01-03,Bonus Payment - Q2,-148426.95,-37090090.15,,,REF583000
TXN-1091,2023-01-04,Payment - DESCO,-4952.23,256448.95,DESCO,DES-5291-003,REF269430
TXN-1007,2023-01-07,Payment - Acme Suppliers Ltd,-45078.3,4691492.96,Acme Suppliers Ltd,ASL-7924-007,REF456778
TXN-1346,2023-01-07,Payment - Allied Security Ltd,-23006.39,-6869331.49,Allied Security Ltd,ASL-3972-023,REF250210
TXN-1666,2023-01-07,ATM Withdrawal,-15000,-30721368.09,,,REF244170
TXN-1673,2023-01-07,ATM Withdrawal,-8000,-30790368.09,,,REF678440
TXN-1279,2023-01-09,Payment - Pinnacle HR Solutions,-52910.56,-5322422.07,Pinnacle HR Solutions,PHR-1803-020,REF735863
TXN-1093,2023-01-10,Payment - DESCO,-5330.82,246035.65,DESCO,DES-3442-005,REF672092
TXN-1181,2023-01-11,Payment - Skyline Freight Services,-24417.12,-2988785.24,Skyline Freight Services,SFS-4954-006,REF855053
TXN-1317,2023-01-16,Payment - Metro Cleaning Services,-11501.22,-6293112.75,Metro Cleaning Services,MCS-6304-026,REF116547
TXN-1438,2023-01-17,Payment - Global Print House,-15160.32,-9324870.98,Global Print House,GPH-6850-028,REF926823
TXN-1184,2023-01-18,Payment - Skyline Freight Services,-23792.39,-3062043.72,Skyline Freight Services,SFS-2524-009,REF408528
TXN-1363,2023-01-20,Payment - Rapid Courier BD,-8883.05,-7139013.96,Rapid Courier BD,RCB-6129-008,REF703727
TXN-1160,2023-01-21,Payment - Horizon Marketing Agency,-40094.25,-2244452.1,Horizon Marketing Agency,HMA-3496-012,REF350132
TXN-1520,2023-01-24,Payment - Zenith Traders [BENFORD],-95055,-20628638.21,Zenith Traders,ZT-9148-904,REF194423
TXN-1104,2023-01-25,Payment - DESCO,-5270.34,190526.33,DESCO,DES-4164-016,REF517821
TXN-1001,2023-01-26,Payment - Acme Suppliers Ltd,-44904.54,4955095.46,Acme Suppliers Ltd,ASL-3286-001,REF872246
TXN-1466,2023-01-27,Payment - Nova Media Group,-113895.23,-12536283.99,Nova Media Group,NMG-4048-003,REF623285
TXN-1178,2023-01-30,Payment - Skyline Freight Services,-23830.96,-2913544.68,Skyline Freight Services,SFS-9098-003,REF992288
TXN-1557,2023-01-31,Payroll - Staff Salaries,-378500.31,-24230482.6,,,REF576419
TXN-1575,2023-01-31,Payroll - Management,-225648.77,-30769027.73,,,REF823821
TXN-1611,2023-01-31,Bonus Payment - Q2,-151490.71,-37241580.86,,,REF262656
TXN-1023,2023-02-02,Payment - Acme Suppliers Ltd,-45823.94,3985137.12,Acme Suppliers Ltd,ASL-2084-023,REF321231
TXN-1593,2023-02-02,Bonus Payment - Q1,-149724.44,-34542215.52,,,REF584838
TXN-1094,2023-02-06,Payment - DESCO,-5280.3,240755.35,DESCO,DES-7049-006,REF710805
TXN-1261,2023-02-06,Payment - Pinnacle HR Solutions,-54188.2,-4346595.15,Pinnacle HR Solutions,PHR-5708-002,REF338536
TXN-1254,2023-02-07,Payment - Delta Office Supplies,-8290.63,-4199676.6,Delta Office Supplies,DOS-3068-025,REF626690
TXN-1447,2023-02-07,Payment - Summit Architects,-180080.8,-9957868.32,Summit Architects,SA-6848-003,REF918771
TXN-1554,2023-02-07,Payment - Acme Suppliers Ltd [BENFORD],-76846,-23382226.21,Acme Suppliers Ltd,ASL-3880-938,REF976822
TXN-1555,2023-02-08,Payment - Zenith Traders [BENFORD],-93052,-23475278.21,Zenith Traders,ZT-5742-939,REF109717
TXN-1096,2023-02-10,Payment - DESCO,-5075.37,230623.82,DESCO,DES-6862-008,REF320281
TXN-1223,2023-02-11,Payment - Zenith Traders,-18030.64,-3894267.92,Zenith Traders,ZT-9502-021,REF783157
TXN-1445,2023-02-12,Payment - Summit Architects,-177929.17,-9593050.84,Summit Architects,SA-7524-001,REF955015
TXN-1457,2023-02-13,Payment - Crest Insurance BD,-217122.2,-11461115.85,Crest Insurance BD,CIB-8126-003,REF387892
TXN-1011,2023-02-14,Payment - Acme Suppliers Ltd,-44622.14,4509999.88,Acme Suppliers Ltd,ASL-7201-011,REF182627
TXN-1112,2023-02-15,Payment - DESCO,-5256.35,149438.11,DESCO,DES-8144-024,REF101773
TXN-1441,2023-02-15,Payment - Global Print House,-14673.01,-9369804.04,Global Print House,GPH-3868-031,REF970720
TXN-1195,2023-02-16,Payment - Skyline Freight Services,-26127.81,-3340511.82,Skyline Freight Services,SFS-3068-020,REF768854
TXN-1356,2023-02-16,Payment - Rapid Courier BD,-8637.9,-7075942.92,Rapid Courier BD,RCB-4612-001,REF514463
TXN-1448,2023-02-18,Payment - Summit Architects,-176093.14,-10133961.46,Summit Architects,SA-6438-004,REF386488
TXN-1198,2023-02-22,Payment - Skyline Freight Services,-26003.49,-3416111.62,Skyline Freight Services,SFS-5136-023,REF600935
TXN-1339,2023-02-22,Payment - Allied Security Ltd,-22796.72,-6716687.9,Allied Security Ltd,ASL-6761-016,REF208633
TXN-1535,2023-02-22,Payment - Zenith Traders [BENFORD],-89477,-21854210.21,Zenith Traders,ZT-4728-919,REF711868
TXN-1057,2023-02-25,Payment - Trinity Telecom,-3339.98,380021.94,Trinity Telecom,TT-2612-004,REF163556
TXN-1233,2023-02-25,Payment - Delta Office Supplies,-8108.66,-4031710.87,Delta Office Supplies,DOS-9167-004,REF755788
TXN-1483,2023-02-26,Payment - Prestige Catering,-46419.23,-14927951.48,Prestige Catering,PC-5982-003,REF272655
TXN-1380,2023-02-27,Payment - Rapid Courier BD,-9082.24,-7291052.84,Rapid Courier BD,RCB-6766-025,REF631981
TXN-1072,2023-02-28,Payment - Trinity Telecom,-3539.14,327382.11,Trinity Telecom,TT-9320-019,REF184002
TXN-1576,2023-02-28,Payroll - Management,-213269.47,-30982297.21,,,REF485397
TXN-1594,2023-03-02,Bonus Payment - Q1,-149496.65,-34691712.17,,,REF956113
TXN-1612,2023-03-02,Bonus Payment - Q2,-152307.32,-37393888.18,,,REF902674
TXN-1214,2023-03-03,Payment - Zenith Traders,-18379.67,-3733986.71,Zenith Traders,ZT-3718-012,REF931131
TXN-1670,2023-03-03,ATM Withdrawal,-8000,-30759368.09,,,REF768706
TXN-1558,2023-03-04,Payroll - Staff Salaries,-364241.8,-24594724.4,,,REF240718
TXN-1539,2023-03-05,Payment - DESCO [BENFORD],-98221,-22187261.21,DESCO,DES-8726-923,REF840058
TXN-1298,2023-03-06,Payment - Metro Cleaning Services,-11615.85,-6063361.23,Metro Cleaning Services,MCS-8606-007,REF835132
TXN-1031,2023-03-07,Payment - Greenview Properties,-118487.31,3032710.95,Greenview Properties,GP-8668-008,REF654816
TXN-1049,2023-03-07,Payment - Greenview Properties,-118949.57,875776.88,Greenview Properties,GP-4770-026,REF717024
TXN-1472,2023-03-08,Payment - Falcon Logistics,-73217.05,-13002487.95,Falcon Logistics,FL-9882-006,REF404466
TXN-1478,2023-03-09,Payment - Orbit Technologies,-191306.86,-14417659.54,Orbit Technologies,OT-6067-001,REF517500
TXN-1379,2023-03-11,Payment - Rapid Courier BD,-8584.22,-7281970.6,Rapid Courier BD,RCB-5500-024,REF720148
TXN-1439,2023-03-11,Payment - Global Print House,-14452.98,-9339323.95,Global Print House,GPH-2698-029,REF908977
TXN-1014,2023-03-13,Payment - Acme Suppliers Ltd,-41764.49,4384696.78,Acme Suppliers Ltd,ASL-1750-014,REF793384
TXN-1052,2023-03-14,Payment - Greenview Properties,-120202.59,513351.75,Greenview Properties,GP-9423-029,REF349565
TXN-1128,2023-03-16,Payment - BrightPath Consulting,-75737.49,-276522.57,BrightPath Consulting,BPC-8461-005,REF534572
TXN-1273,2023-03-17,Payment - Pinnacle HR Solutions,-53710.27,-4998475.03,Pinnacle HR Solutions,PHR-5901-014,REF769975
TXN-1381,2023-03-17,Payment - Rapid Courier BD,-8878.11,-7299930.94,Rapid Courier BD,RCB-1932-026,REF486649
TXN-1665,2023-03-18,ATM Withdrawal,-5000,-30706368.09,,,REF901467
TXN-1141,2023-03-21,Payment - BrightPath Consulting,-74502.03,-1240303.1,BrightPath Consulting,BPC-6502-018,REF435239
TXN-1497,2023-03-21,Payment - Horizon Marketing Agency [THRESHOLD],-49850,-17165584.21,Horizon Marketing Agency,HMA-TH-003,REF185168
TXN-1268,2023-03-22,Payment - Pinnacle HR Solutions,-53929.25,-4725651.41,Pinnacle HR Solutions,PHR-7267-009,REF749813
TXN-1369,2023-03-22,Payment - Rapid Courier BD,-8794.92,-7193580.12,Rapid Courier BD,RCB-6562-014,REF332335
TXN-1486,2023-03-22,Payment - Prestige Catering,-49700.55,-15061884.21,Prestige Catering,PC-5105-006,REF305837
TXN-1637,2023-03-22,Client Payment - Gamma Inc,775259.85,-34738654.01,,,REF571635
TXN-1502,2023-03-23,Payment - Acme Suppliers Ltd [THRESHOLD],-49800,-17414734.21,Acme Suppliers Ltd,ACM-TH-002,REF622230
TXN-1157,2023-03-25,Payment - Horizon Marketing Agency,-37549.13,-2123530.57,Horizon Marketing Agency,HMA-1853-009,REF466960
TXN-1394,2023-03-25,Payment - Tech Nest Solutions,-61195.92,-7922141.45,Tech Nest Solutions,TNS-3317-010,REF466813
TXN-1387,2023-03-28,Payment - Tech Nest Solutions,-58523.41,-7501283.7,Tech Nest Solutions,TNS-5059-003,REF841995
TXN-1335,2023-03-29,Payment - Allied Security Ltd,-22225.32,-6628906.55,Allied Security Ltd,ASL-7105-012,REF951201
TXN-1176,2023-03-30,Payment - Skyline Freight Services,-25368.3,-2864710.22,Skyline Freight Services,SFS-5569-001,REF572700
TXN-1595,2023-03-30,Bonus Payment - Q1,-147030.09,-34838742.26,,,REF882032
TXN-1613,2023-03-30,Bonus Payment - Q2,-155668.88,-37549557.06,,,REF133782
TXN-1262,2023-04-03,Payment - Pinnacle HR Solutions,-54261.7,-4400856.84,Pinnacle HR Solutions,PHR-8110-003,REF203225
TXN-1383,2023-04-03,Payment - Rapid Courier BD,-8732.35,-7317968.87,Rapid Courier BD,RCB-8581-028,REF708519
TXN-1559,2023-04-03,Payroll - Staff Salaries,-377573.27,-24972297.67,,,REF590755
TXN-1577,2023-04-03,Payroll - Management,-211997.02,-31194294.23,,,REF331577
TXN-1029,2023-04-04,Payment - Greenview Properties,-120108.26,3268219.78,Greenview Properties,GP-3504-006,REF757924
TXN-1498,2023-04-07,Payment - Tech Nest Solutions [THRESHOLD],-24900,-17190484.21,Tech Nest Solutions,TNS-TH-001,REF772612
TXN-1283,2023-04-10,Payment - Pinnacle HR Solutions,-56776.47,-5541315.2,Pinnacle HR Solutions,PHR-6061-024,REF926918
TXN-1301,2023-04-10,Payment - Metro Cleaning Services,-12053.29,-6099101.19,Metro Cleaning Services,MCS-7367-010,REF575679
TXN-1517,2023-04-10,Payment - Tech Nest Solutions [BENFORD],-94061,-20353623.21,Tech Nest Solutions,TNS-3308-901,REF153063
TXN-1304,2023-04-12,Payment - Metro Cleaning Services,-11739.58,-6135384.43,Metro Cleaning Services,MCS-9017-013,REF745558
TXN-1002,2023-04-15,Payment - Acme Suppliers Ltd,-43203.67,4911891.78,Acme Suppliers Ltd,ASL-9935-002,REF191161
TXN-1386,2023-04-16,Payment - Tech Nest Solutions,-58264.56,-7442760.29,Tech Nest Solutions,TNS-6626-002,REF849014
TXN-1454,2023-04-16,Payment - Pioneer Legal Associates,-129883.43,-10812717.61,Pioneer Legal Associates,PLA-2311-003,REF443848
TXN-1085,2023-04-17,Payment - Trinity Telecom,-3559.76,281702.64,Trinity Telecom,TT-2891-032,REF212235
TXN-1523,2023-04-21,Payment - Zenith Traders [BENFORD],-88793,-20875984.21,Zenith Traders,ZT-1133-907,REF551860
TXN-1059,2023-04-22,Payment - Trinity Telecom,-3500.66,373327.52,Trinity Telecom,TT-8350-006,REF246991
TXN-1508,2023-04-22,Payment - Sterling Renovations [ROUND],-400000,-19064334.21,Sterling Renovations,SR-RND-001,REF265759
TXN-1428,2023-04-24,Payment - Global Print House,-14708.05,-9172378.09,Global Print House,GPH-5720-018,REF349183
TXN-1430,2023-04-24,Payment - Global Print House,-15306.88,-9203004.26,Global Print House,GPH-9189-020,REF725726
TXN-1040,2023-04-25,Payment - Greenview Properties,-119006.39,1952521.12,Greenview Properties,GP-6947-017,REF972064
TXN-1199,2023-04-27,Payment - Skyline Freight Services,-25398.69,-3441510.31,Skyline Freight Services,SFS-2213-024,REF705050
TXN-1033,2023-04-28,Payment - Greenview Properties,-119225.6,2792147.8,Greenview Properties,GP-5371-010,REF905934
TXN-1212,2023-04-28,Payment - Zenith Traders,-17513.92,-3697327.49,Zenith Traders,ZT-9922-010,REF335729
TXN-1291,2023-04-28,Payment - Pinnacle HR Solutions,-54418.18,-5979164.08,Pinnacle HR Solutions,PHR-4696-032,REF809176
TXN-1578,2023-04-30,Payroll - Management,-224839.43,-31419133.65,,,REF577079
TXN-1596,2023-04-30,Bonus Payment - Q1,-149194.98,-34987937.24,,,REF461264
TXN-1240,2023-05-01,Payment - Delta Office Supplies,-8517.04,-4088093.73,Delta Office Supplies,DOS-3522-011,REF622584
TXN-1560,2023-05-01,Payroll - Staff Salaries,-381306.59,-25353604.25,,,REF270387
TXN-1202,2023-05-02,Payment - Skyline Freight Services,-22963.52,-3514478.25,Skyline Freight Services,SFS-7818-027,REF735770
TXN-1614,2023-05-02,Bonus Payment - Q2,-144717.76,-37694274.82,,,REF116405
TXN-1074,2023-05-03,Payment - Trinity Telecom,-3518.79,320322.41,Trinity Telecom,TT-5033-021,REF707040
TXN-1048,2023-05-04,Payment - Greenview Properties,-118697.75,994726.45,Greenview Properties,GP-5061-025,REF335612
TXN-1475,2023-05-05,Payment - Sterling Renovations,-271174.94,-13740441.15,Sterling Renovations,SR-4878-003,REF928766
TXN-1216,2023-05-08,Payment - Zenith Traders,-17370.86,-3768432.37,Zenith Traders,ZT-8679-014,REF822131
TXN-1416,2023-05-08,Payment - Global Print House,-14620.48,-8992315.77,Global Print House,GPH-5670-006,REF187949
TXN-1312,2023-05-09,Payment - Metro Cleaning Services,-11946.4,-6232710.12,Metro Cleaning Services,MCS-4362-021,REF171942
TXN-1161,2023-05-10,Payment - Horizon Marketing Agency,-39270.82,-2283722.92,Horizon Marketing Agency,HMA-4571-013,REF587623
TXN-1319,2023-05-10,Payment - Metro Cleaning Services,-11971.4,-6317700.8,Metro Cleaning Services,MCS-2041-028,REF599380
TXN-1326,2023-05-10,Payment - Allied Security Ltd,-22109.72,-6432042.88,Allied Security Ltd,ASL-5505-003,REF754644
TXN-1461,2023-05-10,Payment - Apex Recruitment,-89751.05,-12048531.01,Apex Recruitment,AR-7001-002,REF479742
TXN-1118,2023-05-11,Payment - DESCO,-5099.42,119768.62,DESCO,DES-4143-030,REF540869
TXN-1360,2023-05-13,Payment - Rapid Courier BD,-9240.86,-7112699.77,Rapid Courier BD,RCB-7229-005,REF658453
TXN-1482,2023-05-13,Payment - Prestige Catering,-44863.07,-14881532.25,Prestige Catering,PC-8088-002,REF627290
TXN-1336,2023-05-14,Payment - Allied Security Ltd,-22149.49,-6651056.04,Allied Security Ltd,ASL-1982-013,REF714953
TXN-1287,2023-05-16,Payment - Pinnacle HR Solutions,-55697.61,-5760059.22,Pinnacle HR Solutions,PHR-6994-028,REF656639
TXN-1134,2023-05-17,Payment - BrightPath Consulting,-75846.14,-708922.42,BrightPath Consulting,BPC-8612-011,REF800005
TXN-1244,2023-05-20,Payment - Delta Office Supplies,-8452.48,-4119789.31,Delta Office Supplies,DOS-2143-015,REF389666
TXN-1358,2023-05-21,Payment - Rapid Courier BD,-9068.46,-7094202.37,Rapid Courier BD,RCB-5186-003,REF403507
TXN-1529,2023-05-21,Payment - Zenith Traders [BENFORD],-60742,-21302861.21,Zenith Traders,ZT-1637-913,REF848255
TXN-1548,2023-05-21,Payment - DESCO [BENFORD],-89208,-22951369.21,DESCO,DES-5450-932,REF214532
TXN-1028,2023-05-22,Payment - Greenview Properties,-120862.97,3388328.03,Greenview Properties,GP-9348-005,REF617488
TXN-1257,2023-05-28,Payment - Delta Office Supplies,-7630.6,-4223359.29,Delta Office Supplies,DOS-3529-028,REF178463
TXN-1432,2023-05-28,Payment - Global Print House,-15074.45,-9233797.04,Global Print House,GPH-5772-022,REF550089
TXN-1491,2023-05-28,Payment - Rapid Courier BD [LARGE],-210000,-16716884.21,Rapid Courier BD,RCB-5555-ZSC,REF626986
TXN-1634,2023-05-28,Client Payment - Beta Ltd,332189.52,-36551701.52,,,REF689704
TXN-1243,2023-05-29,Payment - Delta Office Supplies,-7495.87,-4111336.83,Delta Office Supplies,DOS-9327-014,REF882544
TXN-1315,2023-05-29,Payment - Metro Cleaning Services,-12559.25,-6269655.44,Metro Cleaning Services,MCS-3858-024,REF215266
TXN-1597,2023-05-29,Bonus Payment - Q1,-149568.5,-35137505.73,,,REF667451
TXN-1266,2023-05-30,Payment - Pinnacle HR Solutions,-53802.13,-4619157.47,Pinnacle HR Solutions,PHR-5000-007,REF656968
TXN-1615,2023-05-30,Bonus Payment - Q2,-145347.61,-37839622.44,,,REF316092
TXN-1653,2023-05-30,Interest Income,12169.39,-31494526.22,,,REF117007
TXN-1314,2023-06-01,Payment - Metro Cleaning Services,-12302.59,-6257096.2,Metro Cleaning Services,MCS-1046-023,REF390743
TXN-1536,2023-06-01,Payment - Zenith Traders [BENFORD],-78589,-21932799.21,Zenith Traders,ZT-7229-920,REF961574
TXN-1561,2023-06-01,Payroll - Staff Salaries,-383478.34,-25737082.59,,,REF779776
TXN-1201,2023-06-02,Payment - Skyline Freight Services,-25823.25,-3491514.73,Skyline Freight Services,SFS-2395-026,REF360247
TXN-1530,2023-06-02,Payment - Tech Nest Solutions [BENFORD],-98508,-21401369.21,Tech Nest Solutions,TNS-8487-914,REF735710
TXN-1579,2023-06-02,Payroll - Management,-218671.52,-31637805.18,,,REF491774
TXN-1427,2023-06-03,Payment - Global Print House,-14077.96,-9157670.04,Global Print House,GPH-9647-017,REF543814
TXN-1143,2023-06-04,Payment - BrightPath Consulting,-75542.28,-1388709.51,BrightPath Consulting,BPC-4505-020,REF167348
TXN-1668,2023-06-04,ATM Withdrawal,-5000,-30736368.09,,,REF329344
TXN-1375,2023-06-06,Payment - Rapid Courier BD,-9028.09,-7247130.01,Rapid Courier BD,RCB-3902-020,REF910389
TXN-1463,2023-06-07,Payment - Apex Recruitment,-81846.61,-12217513.22,Apex Recruitment,AR-7095-004,REF565504
TXN-1098,2023-06-08,Payment - DESCO,-5083.84,220539.74,DESCO,DES-4878-010,REF270395
TXN-1341,2023-06-08,Payment - Allied Security Ltd,-21763.54,-6760291.13,Allied Security Ltd,ASL-2773-018,REF467121
TXN-1351,2023-06-09,Payment - Allied Security Ltd,-22457.3,-6979237.61,Allied Security Ltd,ASL-2336-028,REF385320
TXN-1473,2023-06-11,Payment - Sterling Renovations,-243469.36,-13245957.31,Sterling Renovations,SR-3852-001,REF932250
TXN-1030,2023-06-13,Payment - Greenview Properties,-117021.51,3151198.26,Greenview Properties,GP-7916-007,REF725380
TXN-1101,2023-06-13,Payment - DESCO,-5020.03,205517.41,DESCO,DES-1634-013,REF593554
TXN-1518,2023-06-13,Payment - Tech Nest Solutions [BENFORD],-96850,-20450473.21,Tech Nest Solutions,TNS-5067-902,REF952993
TXN-1417,2023-06-14,Payment - Global Print House,-14814.08,-9007129.85,Global Print House,GPH-3414-007,REF971415
TXN-1484,2023-06-15,Payment - Prestige Catering,-42471.04,-14970422.51,Prestige Catering,PC-6286-004,REF843788
TXN-1164,2023-06-17,Payment - Horizon Marketing Agency,-38446.1,-2400345.38,Horizon Marketing Agency,HMA-6096-016,REF213349
TXN-1289,2023-06-18,Payment - Pinnacle HR Solutions,-54877.45,-5866949.41,Pinnacle HR Solutions,PHR-8894-030,REF945664
TXN-1044,2023-06-19,Payment - Greenview Properties,-119217.53,1472040.57,Greenview Properties,GP-5342-021,REF653306
TXN-1151,2023-06-19,Payment - Horizon Marketing Agency,-41813.42,-1891151.15,Horizon Marketing Agency,HMA-9751-003,REF128276
TXN-1661,2023-06-23,Grant Income - Q2,101979.09,-30886063.32,,,REF246757
TXN-1366,2023-06-25,Payment - Rapid Courier BD,-9073.37,-7165988.55,Rapid Courier BD,RCB-8538-011,REF972442
TXN-1470,2023-06-26,Payment - Falcon Logistics,-76541.63,-12845644.66,Falcon Logistics,FL-8292-004,REF192055
TXN-1318,2023-06-28,Payment - Metro Cleaning Services,-12616.66,-6305729.41,Metro Cleaning Services,MCS-5347-027,REF154944
TXN-1598,2023-06-28,Bonus Payment - Q1,-151040.09,-35288545.83,,,REF595002
TXN-1616,2023-06-28,Bonus Payment - Q2,-150631.71,-37990254.15,,,REF726822
TXN-1562,2023-06-30,Payroll - Staff Salaries,-379749.07,-26116831.67,,,REF453487
TXN-1099,2023-07-01,Payment - DESCO,-5029.64,215510.1,DESCO,DES-6442-011,REF920391
TXN-1580,2023-07-01,Payroll - Management,-217109.61,-31854914.79,,,REF894139
TXN-1036,2023-07-02,Payment - Greenview Properties,-120657.33,2434696.01,Greenview Properties,GP-9317-013,REF211579
TXN-1515,2023-07-03,Payment - Global Print House [ROUND],-80000,-20194334.21,Global Print House,GPH-RND-001,REF897615
TXN-1678,2023-07-03,ATM Withdrawal,-5000,-30840368.09,,,REF200992
TXN-1345,2023-07-04,Payment - Allied Security Ltd,-21851.8,-6846325.1,Allied Security Ltd,ASL-6567-022,REF468074
TXN-1400,2023-07-04,Payment - Tech Nest Solutions,-61052.93,-8284005.59,Tech Nest Solutions,TNS-4509-016,REF458332
TXN-1443,2023-07-06,Payment - Global Print House,-15081.64,-9400322.33,Global Print House,GPH-8498-033,REF138780
TXN-1632,2023-07-08,Client Payment - Alpha Corp,500785.65,-37185774.32,,,REF990598
TXN-1073,2023-07-10,Payment - Trinity Telecom,-3540.91,323841.2,Trinity Telecom,TT-4853-020,REF523389
TXN-1069,2023-07-14,Payment - Trinity Telecom,-3408.62,337957.18,Trinity Telecom,TT-9883-016,REF163918
TXN-1644,2023-07-14,Service Revenue - Project Y,199733.25,-32088246.82,,,REF890973
TXN-1537,2023-07-15,Payment - DESCO [BENFORD],-69380,-22002179.21,DESCO,DES-2800-921,REF119857
TXN-1542,2023-07-16,Payment - Tech Nest Solutions [BENFORD],-89995,-22439282.21,Tech Nest Solutions,TNS-8932-926,REF358494
TXN-1680,2023-07-16,ATM Withdrawal,-8000,-30858368.09,,,REF652029
TXN-1512,2023-07-17,Payment - Falcon Logistics [ROUND],-125000,-19714334.21,Falcon Logistics,FL-RND-001,REF427766
TXN-1193,2023-07-18,Payment - Skyline Freight Services,-24756.01,-3288568.11,Skyline Freight Services,SFS-5952-018,REF114835
TXN-1410,2023-07-18,Payment - Tech Nest Solutions,-66215.97,-8902942.41,Tech Nest Solutions,TNS-7026-026,REF811256
TXN-1656,2023-07-20,Grant Income - Q1,97649.0,-31373889.0,,,REF973844
TXN-1374,2023-07-22,Payment - Rapid Courier BD,-8797.87,-7238101.92,Rapid Courier BD,RCB-3842-019,REF731661
TXN-1005,2023-07-23,Payment - Acme Suppliers Ltd,-44209.44,4777924.92,Acme Suppliers Ltd,ASL-7873-005,REF331148
TXN-1127,2023-07-23,Payment - BrightPath Consulting,-75554.78,-200785.08,BrightPath Consulting,BPC-8784-004,REF740967
TXN-1166,2023-07-23,Payment - Horizon Marketing Agency,-40208.38,-2481834.05,Horizon Marketing Agency,HMA-2245-018,REF720859
TXN-1413,2023-07-24,Payment - Global Print House,-15103.66,-8947139.5,Global Print House,GPH-5096-003,REF154714
TXN-1046,2023-07-25,Payment - Greenview Properties,-120480.59,1232476.52,Greenview Properties,GP-6107-023,REF518373
TXN-1599,2023-07-28,Bonus Payment - Q1,-149546.67,-35438092.5,,,REF401036
TXN-1617,2023-07-28,Bonus Payment - Q2,-150464.43,-38140718.57,,,REF356622
TXN-1563,2023-07-30,Payroll - Staff Salaries,-378744.77,-26495576.44,,,REF695361
TXN-1206,2023-08-01,Payment - Zenith Traders,-18562.7,-3588393.5,Zenith Traders,ZT-4457-004,REF377501
TXN-1581,2023-08-01,Payroll - Management,-210720.79,-32065635.58,,,REF940952
TXN-1155,2023-08-05,Payment - Horizon Marketing Agency,-38693.59,-2045599.22,Horizon Marketing Agency,HMA-7211-007,REF391773
TXN-1024,2023-08-06,Payment - Greenview Properties,-118570.92,3866566.2,Greenview Properties,GP-9179-001,REF514850
TXN-1191,2023-08-10,Payment - Skyline Freight Services,-24948.2,-3239534.34,Skyline Freight Services,SFS-9595-016,REF725780
TXN-1492,2023-08-11,Payment - BrightPath Consulting [THRESHOLD],-99800,-16816684.21,BrightPath Consulting,BPC-TH-001,REF720556
TXN-1050,2023-08-14,Payment - Greenview Properties,-121700.08,754076.8,Greenview Properties,GP-1117-027,REF174441
TXN-1494,2023-08-14,Payment - BrightPath Consulting [THRESHOLD],-99900,-17016084.21,BrightPath Consulting,BPC-TH-003,REF790731
TXN-1185,2023-08-15,Payment - Skyline Freight Services,-24445.59,-3086489.31,Skyline Freight Services,SFS-7046-010,REF596249
TXN-1102,2023-08-16,Payment - DESCO,-4916.26,200601.14,DESCO,DES-4269-014,REF956253
TXN-1158,2023-08-18,Payment - Horizon Marketing Agency,-40462.63,-2163993.21,Horizon Marketing Agency,HMA-2124-010,REF919182
TXN-1485,2023-08-19,Payment - Prestige Catering,-41761.14,-15012183.66,Prestige Catering,PC-5653-005,REF987025
TXN-1549,2023-08-20,Payment - DESCO [BENFORD],-70831,-23022200.21,DESCO,DES-9700-933,REF768933
TXN-1015,2023-08-22,Payment - Acme Suppliers Ltd,-46006.42,4338690.36,Acme Suppliers Ltd,ASL-4814-015,REF205907
TXN-1221,2023-08-23,Payment - Zenith Traders,-19108.32,-3858507.71,Zenith Traders,ZT-1339-019,REF901909
TXN-1281,2023-08-24,Payment - Pinnacle HR Solutions,-53906.51,-5430409.88,Pinnacle HR Solutions,PHR-4115-022,REF751051
TXN-1361,2023-08-24,Payment - Rapid Courier BD,-8432.08,-7121131.85,Rapid Courier BD,RCB-6802-006,REF175576
TXN-1618,2023-08-27,Bonus Payment - Q2,-148208.21,-38288926.78,,,REF327823
TXN-1211,2023-08-28,Payment - Zenith Traders,-18938.07,-3679813.58,Zenith Traders,ZT-4241-009,REF545790
TXN-1296,2023-08-28,Payment - Metro Cleaning Services,-11040.33,-6039313.85,Metro Cleaning Services,MCS-8724-005,REF126240
TXN-1564,2023-08-28,Payroll - Staff Salaries,-386753.04,-26882329.47,,,REF525187
TXN-1582,2023-08-28,Payroll - Management,-220494.73,-32286130.31,,,REF724756
TXN-1126,2023-08-29,Payment - BrightPath Consulting,-71426.84,-125230.29,BrightPath Consulting,BPC-6085-003,REF335552
TXN-1488,2023-08-29,Payment - Trinity Telecom [LARGE],-95000,-16006884.21,Trinity Telecom,TT-8888-ZSC,REF231250
TXN-1421,2023-08-30,Payment - Global Print House,-14813.1,-9068350.83,Global Print House,GPH-4678-011,REF129556
TXN-1600,2023-08-30,Bonus Payment - Q1,-150689.28,-35588781.77,,,REF772687
TXN-1064,2023-08-31,Payment - Trinity Telecom,-3498.97,355250.16,Trinity Telecom,TT-3724-011,REF526156
TXN-1276,2023-08-31,Payment - Pinnacle HR Solutions,-56403.68,-5165836.93,Pinnacle HR Solutions,PHR-7248-017,REF699704
TXN-1140,2023-09-02,Payment - BrightPath Consulting,-80126.0,-1165801.07,BrightPath Consulting,BPC-5499-017,REF561239
TXN-1251,2023-09-02,Payment - Delta Office Supplies,-7803.07,-4175815.56,Delta Office Supplies,DOS-7730-022,REF145767
TXN-1183,2023-09-04,Payment - Skyline Freight Services,-24527.21,-3038251.33,Skyline Freight Services,SFS-9041-008,REF569945
TXN-1054,2023-09-06,Payment - Trinity Telecom,-3427.24,390432.16,Trinity Telecom,TT-8749-001,REF946721
TXN-1177,2023-09-07,Payment - Skyline Freight Services,-25003.5,-2889713.72,Skyline Freight Services,SFS-7209-002,REF452737
TXN-1242,2023-09-07,Payment - Delta Office Supplies,-7986.64,-4103840.96,Delta Office Supplies,DOS-8483-013,REF678043
TXN-1020,2023-09-08,Payment - Acme Suppliers Ltd,-42362.7,4125702.71,Acme Suppliers Ltd,ASL-3677-020,REF584714
TXN-1657,2023-09-09,Grant Income - Q1,104285.05,-31269603.95,,,REF623555
TXN-1220,2023-09-14,Payment - Zenith Traders,-18158.17,-3839399.39,Zenith Traders,ZT-1423-018,REF195763
TXN-1282,2023-09-14,Payment - Pinnacle HR Solutions,-54128.85,-5484538.73,Pinnacle HR Solutions,PHR-3240-023,REF758765
TXN-1032,2023-09-15,Payment - Greenview Properties,-121337.55,2911373.4,Greenview Properties,GP-1188-009,REF813328
TXN-1089,2023-09-15,Payment - DESCO,-5288.44,266206.04,DESCO,DES-2512-001,REF765095
TXN-1189,2023-09-15,Payment - Skyline Freight Services,-25175.48,-3188158.26,Skyline Freight Services,SFS-6169-014,REF225362
TXN-1230,2023-09-16,Payment - Delta Office Supplies,-7650.67,-4007652.38,Delta Office Supplies,DOS-6296-001,REF221552
TXN-1511,2023-09-16,Payment - Apex Recruitment [ROUND],-175000,-19589334.21,Apex Recruitment,AR-RND-001,REF456717
TXN-1681,2023-09-16,ATM Withdrawal,-20000,-30878368.09,,,REF380310
TXN-1271,2023-09-19,Payment - Pinnacle HR Solutions,-53397.37,-4892547.62,Pinnacle HR Solutions,PHR-8622-012,REF401603
TXN-1162,2023-09-20,Payment - Horizon Marketing Agency,-40122.26,-2323845.18,Horizon Marketing Agency,HMA-7043-014,REF275939
TXN-1426,2023-09-20,Payment - Global Print House,-15019.54,-9143592.08,Global Print House,GPH-4533-016,REF975522
TXN-1138,2023-09-23,Payment - BrightPath Consulting,-75588.81,-1011563.44,BrightPath Consulting,BPC-5050-015,REF980660
TXN-1500,2023-09-23,Payment - Skyline Freight Services [THRESHOLD],-99700,-17314984.21,Skyline Freight Services,SFS-TH-001,REF904214
TXN-1154,2023-09-24,Payment - Horizon Marketing Agency,-41306.24,-2006905.63,Horizon Marketing Agency,HMA-7211-006,REF443254
TXN-1076,2023-09-25,Payment - Trinity Telecom,-3512.27,313262.05,Trinity Telecom,TT-4346-023,REF802258
TXN-1108,2023-09-25,Payment - DESCO,-4973.63,170276.15,DESCO,DES-3925-020,REF708792
TXN-1654,2023-09-25,Interest Income,11249.47,-31483276.75,,,REF854987
TXN-1583,2023-09-26,Payroll - Management,-213373.12,-32499503.43,,,REF651033
TXN-1619,2023-09-26,Bonus Payment - Q2,-151263.24,-38440190.03,,,REF246942
TXN-1067,2023-09-29,Payment - Trinity Telecom,-3688.41,344772.05,Trinity Telecom,TT-5673-014,REF543555
TXN-1081,2023-09-29,Payment - Trinity Telecom,-3574.85,295776.78,Trinity Telecom,TT-2127-028,REF356150
TXN-1109,2023-09-29,Payment - DESCO,-5235.56,165040.59,DESCO,DES-6663-021,REF863934
TXN-1565,2023-09-29,Payroll - Staff Salaries,-393356.09,-27275685.56,,,REF640310
TXN-1601,2023-09-29,Bonus Payment - Q1,-151464.34,-35740246.11,,,REF492650
TXN-1235,2023-10-01,Payment - Delta Office Supplies,-7345.03,-4047318.62,Delta Office Supplies,DOS-8178-006,REF832168
TXN-1639,2023-10-02,Client Payment - Delta Group,428068.25,-33510244.57,,,REF495489
TXN-1174,2023-10-04,Payment - Horizon Marketing Agency,-38453.29,-2802077.88,Horizon Marketing Agency,HMA-9817-026,REF912270
TXN-1309,2023-10-10,Payment - Metro Cleaning Services,-12084.82,-6196626.86,Metro Cleaning Services,MCS-8450-018,REF196126
TXN-1008,2023-10-12,Payment - Acme Suppliers Ltd,-43586.58,4647906.38,Acme Suppliers Ltd,ASL-3547-008,REF325772
TXN-1053,2023-10-13,Payment - Greenview Properties,-119492.35,393859.4,Greenview Properties,GP-3167-030,REF858490
TXN-1343,2023-10-13,Payment - Allied Security Ltd,-21027.18,-6802962.07,Allied Security Ltd,ASL-1430-020,REF738577
TXN-1180,2023-10-14,Payment - Skyline Freight Services,-25565.34,-2964368.11,Skyline Freight Services,SFS-5526-005,REF682789
TXN-1087,2023-10-16,Payment - Trinity Telecom,-3349.09,274877.68,Trinity Telecom,TT-4335-034,REF820892
TXN-1192,2023-10-17,Payment - Skyline Freight Services,-24277.76,-3263812.1,Skyline Freight Services,SFS-2647-017,REF973074
TXN-1210,2023-10-17,Payment - Zenith Traders,-18029.05,-3660875.51,Zenith Traders,ZT-8438-008,REF174637
TXN-1647,2023-10-17,Refund - Overcharge Recovery,42833.02,-31659370.54,,,REF499152
TXN-1355,2023-10-18,Payment - Allied Security Ltd,-21649.26,-7067305.02,Allied Security Ltd,ASL-9633-032,REF799539
TXN-1408,2023-10-19,Payment - Tech Nest Solutions,-58418.31,-8776302.75,Tech Nest Solutions,TNS-8355-024,REF345369
TXN-1382,2023-10-21,Payment - Rapid Courier BD,-9305.58,-7309236.52,Rapid Courier BD,RCB-2257-027,REF775981
TXN-1676,2023-10-21,ATM Withdrawal,-5000,-30820368.09,,,REF626611
TXN-1546,2023-10-22,Payment - Tech Nest Solutions [BENFORD],-74758,-22774914.21,Tech Nest Solutions,TNS-1689-930,REF848831
TXN-1552,2023-10-22,Payment - Zenith Traders [BENFORD],-97822,-23243915.21,Zenith Traders,ZT-4267-936,REF436768
TXN-1543,2023-10-23,Payment - Tech Nest Solutions [BENFORD],-83684,-22522966.21,Tech Nest Solutions,TNS-5876-927,REF839142
TXN-1241,2023-10-26,Payment - Delta Office Supplies,-7760.59,-4095854.32,Delta Office Supplies,DOS-8905-012,REF595158
TXN-1035,2023-10-28,Payment - Greenview Properties,-118487.14,2555353.34,Greenview Properties,GP-5315-012,REF624902
TXN-1444,2023-10-28,Payment - Global Print House,-14799.34,-9415121.67,Global Print House,GPH-4302-034,REF145934
TXN-1505,2023-10-28,Payment - Pioneer Legal Associates [ROUND],-200000,-18214334.21,Pioneer Legal Associates,PLA-RND-001,REF943776
TXN-1566,2023-10-28,Payroll - Staff Salaries,-389667.63,-27665353.2,,,REF293757
TXN-1584,2023-10-29,Payroll - Management,-215895.23,-32715398.65,,,REF691573
TXN-1602,2023-10-29,Bonus Payment - Q1,-143651.79,-35883897.9,,,REF495833
TXN-1290,2023-10-30,Payment - Pinnacle HR Solutions,-57796.49,-5924745.9,Pinnacle HR Solutions,PHR-6549-031,REF943298
TXN-1402,2023-10-30,Payment - Tech Nest Solutions,-70355.83,-8418311.4,Tech Nest Solutions,TNS-2657-018,REF632351
TXN-1620,2023-10-30,Bonus Payment - Q2,-152189.54,-38592379.56,,,REF867051
TXN-1247,2023-11-02,Payment - Delta Office Supplies,-8206.4,-4144159.22,Delta Office Supplies,DOS-9022-018,REF255813
TXN-1264,2023-11-03,Payment - Pinnacle HR Solutions,-54338.37,-4509997.98,Pinnacle HR Solutions,PHR-1474-005,REF148225
TXN-1116,2023-11-04,Payment - DESCO,-4814.37,129714.82,DESCO,DES-9308-028,REF424308
TXN-1631,2023-11-04,Client Payment - Alpha Corp,523560.56,-37686559.97,,,REF494747
TXN-1633,2023-11-04,Client Payment - Beta Ltd,301883.28,-36883891.04,,,REF999197
TXN-1429,2023-11-05,Payment - Global Print House,-15319.28,-9187697.38,Global Print House,GPH-8489-019,REF165858
TXN-1275,2023-11-06,Payment - Pinnacle HR Solutions,-55463.73,-5109433.25,Pinnacle HR Solutions,PHR-8916-016,REF211834
TXN-1299,2023-11-06,Payment - Metro Cleaning Services,-11867.38,-6075228.61,Metro Cleaning Services,MCS-1742-008,REF139019
TXN-1643,2023-11-07,Service Revenue - Project X,274218.93,-32287980.07,,,REF116078
TXN-1217,2023-11-08,Payment - Zenith Traders,-17554.36,-3785986.72,Zenith Traders,ZT-9199-015,REF666211
TXN-1300,2023-11-08,Payment - Metro Cleaning Services,-11819.29,-6087047.9,Metro Cleaning Services,MCS-9071-009,REF221761
TXN-1455,2023-11-10,Payment - Crest Insurance BD,-206505.11,-11019222.72,Crest Insurance BD,CIB-3730-001,REF823270
TXN-1041,2023-11-11,Payment - Greenview Properties,-120073.75,1832447.37,Greenview Properties,GP-2290-018,REF189814
TXN-1215,2023-11-11,Payment - Zenith Traders,-17074.8,-3751061.51,Zenith Traders,ZT-5728-013,REF560485
TXN-1395,2023-11-14,Payment - Tech Nest Solutions,-63640.1,-7985781.55,Tech Nest Solutions,TNS-7421-011,REF235215
TXN-1070,2023-11-18,Payment - Trinity Telecom,-3802.37,334154.81,Trinity Telecom,TT-1936-017,REF152578
TXN-1077,2023-11-18,Payment - Trinity Telecom,-3508.56,309753.49,Trinity Telecom,TT-5915-024,REF579434
TXN-1110,2023-11-18,Payment - DESCO,-5057.74,159982.85,DESCO,DES-8149-022,REF735656
TXN-1078,2023-11-20,Payment - Trinity Telecom,-3620.15,306133.34,Trinity Telecom,TT-2188-025,REF109767
TXN-1378,2023-11-20,Payment - Rapid Courier BD,-8673.14,-7273386.38,Rapid Courier BD,RCB-3473-023,REF561124
TXN-1260,2023-11-21,Payment - Pinnacle HR Solutions,-52966.26,-4292406.94,Pinnacle HR Solutions,PHR-8994-001,REF667296
TXN-1480,2023-11-21,Payment - Orbit Technologies,-192935.56,-14792919.59,Orbit Technologies,OT-2215-003,REF571832
TXN-1252,2023-11-22,Payment - Delta Office Supplies,-7904.6,-4183720.17,Delta Office Supplies,DOS-8749-023,REF839485
TXN-1422,2023-11-23,Payment - Global Print House,-15162.36,-9083513.19,Global Print House,GPH-2623-012,REF979940
TXN-1651,2023-11-24,Interest Income,12229.2,-31518624.92,,,REF312994
TXN-1227,2023-11-25,Payment - Zenith Traders,-17430.03,-3964745.65,Zenith Traders,ZT-6403-025,REF531641
TXN-1585,2023-11-25,Payroll - Management,-219265.7,-32934664.35,,,REF164758
TXN-1250,2023-11-26,Payment - Delta Office Supplies,-8442.2,-4168012.49,Delta Office Supplies,DOS-4090-021,REF831380
TXN-1385,2023-11-26,Payment - Tech Nest Solutions,-57762.85,-7384495.73,Tech Nest Solutions,TNS-2013-001,REF572407
TXN-1567,2023-11-26,Payroll - Staff Salaries,-385860.83,-28051214.03,,,REF600646
TXN-1603,2023-11-28,Bonus Payment - Q1,-152127.36,-36036025.27,,,REF184148
TXN-1022,2023-11-29,Payment - Acme Suppliers Ltd,-50425.21,4030961.06,Acme Suppliers Ltd,ASL-1916-022,REF340174
TXN-1179,2023-11-29,Payment - Skyline Freight Services,-25258.09,-2938802.77,Skyline Freight Services,SFS-5232-004,REF456871
TXN-1265,2023-11-29,Payment - Pinnacle HR Solutions,-55357.37,-4565355.34,Pinnacle HR Solutions,PHR-7141-006,REF551607
TXN-1350,2023-11-29,Payment - Allied Security Ltd,-22100.84,-6956780.31,Allied Security Ltd,ASL-2391-027,REF155164
TXN-1621,2023-11-29,Bonus Payment - Q2,-149910.3,-38742289.86,,,REF434394
TXN-1359,2023-12-02,Payment - Rapid Courier BD,-9256.54,-7103458.91,Rapid Courier BD,RCB-8055-004,REF284229
TXN-1105,2023-12-03,Payment - DESCO,-4987.79,185538.54,DESCO,DES-5573-017,REF468203
TXN-1392,2023-12-04,Payment - Tech Nest Solutions,-61094.86,-7802329.21,Tech Nest Solutions,TNS-2548-008,REF685066
TXN-1115,2023-12-05,Payment - DESCO,-4810.01,134529.19,DESCO,DES-3041-027,REF854717
TXN-1550,2023-12-05,Payment - DESCO [BENFORD],-61641,-23083841.21,DESCO,DES-7771-934,REF852204
TXN-1533,2023-12-06,Payment - Tech Nest Solutions [BENFORD],-90272,-21665170.21,Tech Nest Solutions,TNS-7035-917,REF806537
TXN-1370,2023-12-08,Payment - Rapid Courier BD,-9157.5,-7202737.62,Rapid Courier BD,RCB-3754-015,REF180089
TXN-1009,2023-12-11,Payment - Acme Suppliers Ltd,-46878.95,4601027.43,Acme Suppliers Ltd,ASL-6881-009,REF988662
TXN-1150,2023-12-11,Payment - Horizon Marketing Agency,-41575.41,-1849337.73,Horizon Marketing Agency,HMA-7624-002,REF859359
TXN-1404,2023-12-11,Payment - Tech Nest Solutions,-55716.79,-8536565.62,Tech Nest Solutions,TNS-3147-020,REF726258
TXN-1450,2023-12-14,Payment - BlueSky Events,-96755.16,-10321520.27,BlueSky Events,BSE-4060-002,REF620306
TXN-1010,2023-12-19,Payment - Acme Suppliers Ltd,-46405.41,4554622.02,Acme Suppliers Ltd,ASL-5333-010,REF946335
TXN-1249,2023-12-20,Payment - Delta Office Supplies,-7747.99,-4159570.29,Delta Office Supplies,DOS-7180-020,REF577463
TXN-1354,2023-12-20,Payment - Allied Security Ltd,-22170.7,-7045655.76,Allied Security Ltd,ASL-8043-031,REF216276
TXN-1226,2023-12-23,Payment - Zenith Traders,-18431.6,-3947315.62,Zenith Traders,ZT-7690-024,REF449499
TXN-1372,2023-12-24,Payment - Rapid Courier BD,-8725.97,-7220216.52,Rapid Courier BD,RCB-6752-017,REF862712
TXN-1544,2023-12-24,Payment - DESCO [BENFORD],-95194,-22618160.21,DESCO,DES-8861-928,REF687713
TXN-1504,2023-12-26,Payment - Summit Architects [ROUND],-500000,-18014334.21,Summit Architects,SA-RND-001,REF606404
TXN-1568,2023-12-27,Payroll - Staff Salaries,-380818.43,-28432032.46,,,REF502206
TXN-1586,2023-12-29,Payroll - Management,-222423.52,-33157087.87,,,REF662728
TXN-1604,2023-12-29,Bonus Payment - Q1,-153992.24,-36190017.5,,,REF224395
TXN-1622,2023-12-29,Bonus Payment - Q2,-146339.26,-38888629.12,,,REF436241
TXN-1277,2024-01-03,Payment - Pinnacle HR Solutions,-50805.53,-5216642.46,Pinnacle HR Solutions,PHR-5837-018,REF123005
TXN-1308,2024-01-03,Payment - Metro Cleaning Services,-12400.17,-6184542.04,Metro Cleaning Services,MCS-1992-017,REF517479
TXN-1649,2024-01-04,Refund - Overcharge Recovery,44554.48,-31571891.74,,,REF637727
TXN-1435,2024-01-05,Payment - Global Print House,-15667.91,-9278836.76,Global Print House,GPH-9312-025,REF924613
TXN-1367,2024-01-06,Payment - Rapid Courier BD,-9492.29,-7175480.84,Rapid Courier BD,RCB-4986-012,REF556839
TXN-1474,2024-01-06,Payment - Sterling Renovations,-223308.9,-13469266.21,Sterling Renovations,SR-9335-002,REF335134
TXN-1307,2024-01-07,Payment - Metro Cleaning Services,-12555.51,-6172141.88,Metro Cleaning Services,MCS-9920-016,REF776149
TXN-1525,2024-01-07,Payment - Zenith Traders [BENFORD],-69343,-21031319.21,Zenith Traders,ZT-4189-909,REF680096
TXN-1285,2024-01-09,Payment - Pinnacle HR Solutions,-54927.89,-5650009.57,Pinnacle HR Solutions,PHR-5835-026,REF442589
TXN-1407,2024-01-09,Payment - Tech Nest Solutions,-59211.08,-8717884.44,Tech Nest Solutions,TNS-8277-023,REF740255
TXN-1524,2024-01-10,Payment - DESCO [BENFORD],-85992,-20961976.21,DESCO,DES-7606-908,REF147440
TXN-1465,2024-01-11,Payment - Nova Media Group,-104775.62,-12422388.76,Nova Media Group,NMG-5089-002,REF218959
TXN-1449,2024-01-12,Payment - BlueSky Events,-90803.65,-10224765.11,BlueSky Events,BSE-8204-001,REF505426
TXN-1513,2024-01-12,Payment - Prestige Catering [ROUND],-50000,-19764334.21,Prestige Catering,PC-RND-001,REF869864
TXN-1082,2024-01-14,Payment - Trinity Telecom,-3582.22,292194.56,Trinity Telecom,TT-5669-029,REF265409
TXN-1170,2024-01-15,Payment - Horizon Marketing Agency,-38643.67,-2643180.21,Horizon Marketing Agency,HMA-2129-022,REF630538
TXN-1302,2024-01-15,Payment - Metro Cleaning Services,-12556.33,-6111657.52,Metro Cleaning Services,MCS-9850-011,REF539486
TXN-1638,2024-01-15,Client Payment - Gamma Inc,800341.19,-33938312.82,,,REF299734
TXN-1652,2024-01-15,Interest Income,11929.31,-31506695.61,,,REF332022
TXN-1038,2024-01-18,Payment - Greenview Properties,-122042.68,2193295.04,Greenview Properties,GP-3646-015,REF665579
TXN-1405,2024-01-21,Payment - Tech Nest Solutions,-60857.96,-8597423.58,Tech Nest Solutions,TNS-3712-021,REF856215
TXN-1021,2024-01-24,Payment - Acme Suppliers Ltd,-44316.44,4081386.27,Acme Suppliers Ltd,ASL-4598-021,REF817870
TXN-1066,2024-01-24,Payment - Trinity Telecom,-3528.05,348460.46,Trinity Telecom,TT-1035-013,REF509386
TXN-1545,2024-01-24,Payment - Tech Nest Solutions [BENFORD],-81996,-22700156.21,Tech Nest Solutions,TNS-9899-929,REF513697
TXN-1016,2024-01-25,Payment - Acme Suppliers Ltd,-38105.14,4300585.23,Acme Suppliers Ltd,ASL-5554-016,REF575435
TXN-1569,2024-01-25,Payroll - Staff Salaries,-379650.86,-28811683.32,,,REF568436
TXN-1587,2024-01-25,Payroll - Management,-218305.54,-33375393.41,,,REF272529
TXN-1605,2024-01-25,Bonus Payment - Q1,-154414.63,-36344432.13,,,REF663356
TXN-1623,2024-01-25,Bonus Payment - Q2,-147412.81,-39036041.93,,,REF416422
TXN-1253,2024-01-26,Payment - Delta Office Supplies,-7665.81,-4191385.97,Delta Office Supplies,DOS-3492-024,REF619389
TXN-1295,2024-01-26,Payment - Metro Cleaning Services,-12469.52,-6028273.52,Metro Cleaning Services,MCS-2775-004,REF807617
TXN-1462,2024-01-28,Payment - Apex Recruitment,-87135.6,-12135666.61,Apex Recruitment,AR-1530-003,REF734487
TXN-1495,2024-01-31,Payment - Horizon Marketing Agency [THRESHOLD],-49900,-17065984.21,Horizon Marketing Agency,HMA-TH-001,REF983456
TXN-1636,2024-02-02,Client Payment - Gamma Inc,751134.2,-35513913.86,,,REF778120
TXN-1148,2024-02-04,Payment - BrightPath Consulting,-75222.77,-1767455.85,BrightPath Consulting,BPC-7865-025,REF664365
TXN-1531,2024-02-07,Payment - DESCO [BENFORD],-85218,-21486587.21,DESCO,DES-3662-915,REF746447
TXN-1152,2024-02-08,Payment - Horizon Marketing Agency,-37162.47,-1928313.62,Horizon Marketing Agency,HMA-1444-004,REF188025
TXN-1514,2024-02-08,Payment - Allied Security Ltd [ROUND],-350000,-20114334.21,Allied Security Ltd,ASL-RND-001,REF518084
TXN-1527,2024-02-08,Payment - Tech Nest Solutions [BENFORD],-62108,-21159756.21,Tech Nest Solutions,TNS-2584-911,REF491326
TXN-1293,2024-02-09,Payment - Metro Cleaning Services,-12555.98,-6003755.25,Metro Cleaning Services,MCS-8451-002,REF486490
TXN-1420,2024-02-10,Payment - Global Print House,-14081.35,-9053537.73,Global Print House,GPH-9224-010,REF492127
TXN-1362,2024-02-11,Payment - Rapid Courier BD,-8999.06,-7130130.91,Rapid Courier BD,RCB-1693-007,REF557409
TXN-1682,2024-02-11,ATM Withdrawal,-5000,-30883368.09,,,REF491172
TXN-1130,2024-02-14,Payment - BrightPath Consulting,-72813.96,-420090.52,BrightPath Consulting,BPC-4997-007,REF254739
TXN-1229,2024-02-15,Payment - Zenith Traders,-18294.89,-4000001.71,Zenith Traders,ZT-8451-027,REF192337
TXN-1058,2024-02-17,Payment - Trinity Telecom,-3193.76,376828.18,Trinity Telecom,TT-6559-005,REF939482
TXN-1231,2024-02-18,Payment - Delta Office Supplies,-8370.13,-4016022.51,Delta Office Supplies,DOS-1018-002,REF789606
TXN-1490,2024-02-19,Payment - Delta Office Supplies [LARGE],-180000,-16506884.21,Delta Office Supplies,DOS-6666-ZSC,REF659392
TXN-1683,2024-02-20,ATM Withdrawal,-15000,-30898368.09,,,REF692447
TXN-1055,2024-02-21,Payment - Trinity Telecom,-3519.82,386912.35,Trinity Telecom,TT-8062-002,REF471507
TXN-1182,2024-02-21,Payment - Skyline Freight Services,-24938.88,-3013724.12,Skyline Freight Services,SFS-9004-007,REF682144
TXN-1239,2024-02-22,Payment - Delta Office Supplies,-8779.52,-4079576.69,Delta Office Supplies,DOS-2858-010,REF583863
TXN-1305,2024-02-22,Payment - Metro Cleaning Services,-12338.15,-6147722.58,Metro Cleaning Services,MCS-7070-014,REF327823
TXN-1390,2024-02-23,Payment - Tech Nest Solutions,-58546.98,-7678027.69,Tech Nest Solutions,TNS-6543-006,REF811875
TXN-1624,2024-02-24,Bonus Payment - Q2,-153626.51,-39189668.45,,,REF533649
TXN-1489,2024-02-25,Payment - Metro Cleaning Services [LARGE],-320000,-16326884.21,Metro Cleaning Services,MCS-7777-ZSC,REF417534
TXN-1570,2024-02-25,Payroll - Staff Salaries,-386177.08,-29197860.4,,,REF857997
TXN-1588,2024-02-25,Payroll - Management,-222900.17,-33598293.58,,,REF813341
TXN-1100,2024-02-26,Payment - DESCO,-4972.66,210537.44,DESCO,DES-5065-012,REF379766
TXN-1267,2024-02-26,Payment - Pinnacle HR Solutions,-52564.69,-4671722.17,Pinnacle HR Solutions,PHR-3785-008,REF283573
TXN-1606,2024-02-26,Bonus Payment - Q1,-145239.24,-36489671.37,,,REF333507
TXN-1674,2024-02-26,ATM Withdrawal,-5000,-30795368.09,,,REF117538
TXN-1538,2024-02-27,Payment - Zenith Traders [BENFORD],-86861,-22089040.21,Zenith Traders,ZT-3481-922,REF824042
TXN-1635,2024-02-27,Client Payment - Beta Ltd,286653.45,-36265048.07,,,REF536740
TXN-1144,2024-02-29,Payment - BrightPath Consulting,-79584.54,-1468294.06,BrightPath Consulting,BPC-7678-021,REF446954
TXN-1245,2024-02-29,Payment - Delta Office Supplies,-7717.34,-4127506.64,Delta Office Supplies,DOS-5377-016,REF960408
TXN-1286,2024-03-01,Payment - Pinnacle HR Solutions,-54352.04,-5704361.61,Pinnacle HR Solutions,PHR-3877-027,REF310548
TXN-1332,2024-03-01,Payment - Allied Security Ltd,-21599.01,-6562432.23,Allied Security Ltd,ASL-2557-009,REF427730
TXN-1487,2024-03-01,Payment - Acme Suppliers Ltd [LARGE],-850000,-15911884.21,Acme Suppliers Ltd,ACM-9999-ZSC,REF677599
TXN-1655,2024-03-03,Interest Income,11738.75,-31471538.0,,,REF409531
TXN-1412,2024-03-04,Payment - Global Print House,-13966.57,-8932035.84,Global Print House,GPH-3655-002,REF956572
TXN-1349,2024-03-05,Payment - Allied Security Ltd,-21663.62,-6934679.47,Allied Security Ltd,ASL-6105-026,REF856648
TXN-1156,2024-03-07,Payment - Horizon Marketing Agency,-40382.23,-2085981.44,Horizon Marketing Agency,HMA-5133-008,REF975467
TXN-1060,2024-03-08,Payment - Trinity Telecom,-3577.95,369749.57,Trinity Telecom,TT-4006-007,REF392075
TXN-1056,2024-03-09,Payment - Trinity Telecom,-3550.43,383361.91,Trinity Telecom,TT-7735-003,REF589710
TXN-1090,2024-03-09,Payment - DESCO,-4804.87,261401.17,DESCO,DES-5533-002,REF146228
TXN-1274,2024-03-10,Payment - Pinnacle HR Solutions,-55494.49,-5053969.52,Pinnacle HR Solutions,PHR-5097-015,REF579027
TXN-1452,2024-03-10,Payment - Pioneer Legal Associates,-137935.52,-10549050.67,Pioneer Legal Associates,PLA-2293-001,REF551524
TXN-1132,2024-03-11,Payment - BrightPath Consulting,-69142.49,-561812.03,BrightPath Consulting,BPC-4585-009,REF284430
TXN-1187,2024-03-11,Payment - Skyline Freight Services,-26137.72,-3138006.86,Skyline Freight Services,SFS-6764-012,REF836996
TXN-1324,2024-03-12,Payment - Allied Security Ltd,-21881.7,-6387712.67,Allied Security Ltd,ASL-2768-001,REF614084
TXN-1333,2024-03-13,Payment - Allied Security Ltd,-21823.8,-6584256.03,Allied Security Ltd,ASL-3500-010,REF820184
TXN-1204,2024-03-15,Payment - Zenith Traders,-18895.98,-3550415.55,Zenith Traders,ZT-6003-002,REF696251
TXN-1364,2024-03-15,Payment - Rapid Courier BD,-9030.22,-7148044.18,Rapid Courier BD,RCB-7626-009,REF843963
TXN-1114,2024-03-17,Payment - DESCO,-4899.1,139339.2,DESCO,DES-2146-026,REF796503
TXN-1172,2024-03-19,Payment - Horizon Marketing Agency,-42452.96,-2724049.73,Horizon Marketing Agency,HMA-6934-024,REF766459
TXN-1418,2024-03-23,Payment - Global Print House,-16289.4,-9023419.25,Global Print House,GPH-2502-008,REF332823
TXN-1083,2024-03-24,Payment - Trinity Telecom,-3593.98,288600.58,Trinity Telecom,TT-9666-030,REF108203
TXN-1388,2024-03-24,Payment - Tech Nest Solutions,-59957.78,-7561241.49,Tech Nest Solutions,TNS-8199-004,REF649525
TXN-1406,2024-03-24,Payment - Tech Nest Solutions,-61249.78,-8658673.36,Tech Nest Solutions,TNS-1715-022,REF530816
TXN-1607,2024-03-24,Bonus Payment - Q1,-149127.67,-36638799.05,,,REF892911
TXN-1589,2024-03-25,Payroll - Management,-216236.09,-33814529.66,,,REF851742
TXN-1625,2024-03-26,Bonus Payment - Q2,-149673.18,-39339341.62,,,REF388519
TXN-1284,2024-03-27,Payment - Pinnacle HR Solutions,-53766.49,-5595081.68,Pinnacle HR Solutions,PHR-1546-025,REF707727
TXN-1092,2024-03-28,Payment - DESCO,-5082.48,251366.47,DESCO,DES-8007-004,REF688153
TXN-1123,2024-03-28,Payment - DESCO,-4883.34,94787.99,DESCO,DES-8752-035,REF932291
TXN-1224,2024-03-28,Payment - Zenith Traders,-17628.87,-3911896.8,Zenith Traders,ZT-5557-022,REF290305
TXN-1234,2024-03-28,Payment - Delta Office Supplies,-8262.73,-4039973.59,Delta Office Supplies,DOS-1845-005,REF313446
TXN-1571,2024-03-28,Payroll - Staff Salaries,-378164.7,-29576025.1,,,REF111991
TXN-1352,2024-03-29,Payment - Allied Security Ltd,-22695.31,-7001932.92,Allied Security Ltd,ASL-7947-029,REF609253
TXN-1306,2024-03-30,Payment - Metro Cleaning Services,-11863.79,-6159586.37,Metro Cleaning Services,MCS-8285-015,REF347582
TXN-1325,2024-03-30,Payment - Allied Security Ltd,-22220.49,-6409933.16,Allied Security Ltd,ASL-3430-002,REF168872
TXN-1456,2024-03-30,Payment - Crest Insurance BD,-224770.93,-11243993.65,Crest Insurance BD,CIB-6759-002,REF568849
TXN-1248,2024-04-02,Payment - Delta Office Supplies,-7663.08,-4151822.29,Delta Office Supplies,DOS-9824-019,REF607868
TXN-1006,2024-04-04,Payment - Acme Suppliers Ltd,-41353.66,4736571.26,Acme Suppliers Ltd,ASL-5557-006,REF948749
TXN-1320,2024-04-04,Payment - Metro Cleaning Services,-11450.81,-6329151.61,Metro Cleaning Services,MCS-6931-029,REF638169
TXN-1419,2024-04-06,Payment - Global Print House,-16037.13,-9039456.38,Global Print House,GPH-7797-009,REF155843
TXN-1526,2024-04-06,Payment - Tech Nest Solutions [BENFORD],-66329,-21097648.21,Tech Nest Solutions,TNS-9261-910,REF901535
TXN-1331,2024-04-07,Payment - Allied Security Ltd,-22473.04,-6540833.22,Allied Security Ltd,ASL-8430-008,REF518098
TXN-1188,2024-04-09,Payment - Skyline Freight Services,-24975.92,-3162982.78,Skyline Freight Services,SFS-5438-013,REF421517
TXN-1506,2024-04-10,Payment - Crest Insurance BD [ROUND],-150000,-18364334.21,Crest Insurance BD,CIB-RND-001,REF411882
TXN-1079,2024-04-14,Payment - Trinity Telecom,-3388.22,302745.12,Trinity Telecom,TT-2638-026,REF176819
TXN-1323,2024-04-14,Payment - Metro Cleaning Services,-11929.68,-6365830.97,Metro Cleaning Services,MCS-8847-032,REF988456
TXN-1173,2024-04-15,Payment - Horizon Marketing Agency,-39574.87,-2763624.6,Horizon Marketing Agency,HMA-9548-025,REF782054
TXN-1103,2024-04-16,Payment - DESCO,-4804.47,195796.67,DESCO,DES-4728-015,REF333752
TXN-1270,2024-04-17,Payment - Pinnacle HR Solutions,-58308.03,-4839150.26,Pinnacle HR Solutions,PHR-5161-011,REF581894
TXN-1411,2024-04-17,Payment - Global Print House,-15126.85,-8918069.26,Global Print House,GPH-9239-001,REF653081
TXN-1061,2024-04-18,Payment - Trinity Telecom,-3500.33,366249.24,Trinity Telecom,TT-8260-008,REF947272
TXN-1442,2024-04-20,Payment - Global Print House,-15436.65,-9385240.69,Global Print House,GPH-8840-032,REF762423
TXN-1516,2024-04-22,Payment - Tech Nest Solutions [BENFORD],-65228,-20259562.21,Tech Nest Solutions,TNS-4960-900,REF228473
TXN-1648,2024-04-22,Refund - Overcharge Recovery,42924.32,-31616446.22,,,REF374267
TXN-1608,2024-04-23,Bonus Payment - Q1,-153314.9,-36792113.95,,,REF854024
TXN-1626,2024-04-23,Bonus Payment - Q2,-146237.05,-39485578.67,,,REF870925
TXN-1258,2024-04-25,Payment - Delta Office Supplies,-8234.5,-4231593.79,Delta Office Supplies,DOS-5342-029,REF455007
TXN-1425,2024-04-25,Payment - Global Print House,-14941.61,-9128572.54,Global Print House,GPH-2298-015,REF119927
TXN-1572,2024-04-25,Payroll - Staff Salaries,-373357.39,-29949382.49,,,REF165142
TXN-1437,2024-04-26,Payment - Global Print House,-15571.42,-9309710.66,Global Print House,GPH-7116-027,REF365971
TXN-1590,2024-04-27,Payroll - Management,-210603.62,-34025133.29,,,REF567122
TXN-1424,2024-04-28,Payment - Global Print House,-15289.89,-9113630.92,Global Print House,GPH-3273-014,REF895702
TXN-1334,2024-04-30,Payment - Allied Security Ltd,-22425.2,-6606681.23,Allied Security Ltd,ASL-2099-011,REF195656
TXN-1479,2024-05-05,Payment - Orbit Technologies,-182324.48,-14599984.03,Orbit Technologies,OT-2208-002,REF231414
TXN-1547,2024-05-05,Payment - Acme Suppliers Ltd [BENFORD],-87247,-22862161.21,Acme Suppliers Ltd,ASL-5201-931,REF324381
TXN-1645,2024-05-05,Service Revenue - Project Y,193850.35,-31894396.47,,,REF354377
TXN-1175,2024-05-10,Payment - Horizon Marketing Agency,-37264.04,-2839341.92,Horizon Marketing Agency,HMA-5397-027,REF437960
TXN-1236,2024-05-11,Payment - Delta Office Supplies,-7790.73,-4055109.36,Delta Office Supplies,DOS-2989-007,REF130271
TXN-1042,2024-05-12,Payment - Greenview Properties,-121111.17,1711336.21,Greenview Properties,GP-2133-019,REF897549
TXN-1065,2024-05-12,Payment - Trinity Telecom,-3261.65,351988.51,Trinity Telecom,TT-1960-012,REF272634
TXN-1401,2024-05-12,Payment - Tech Nest Solutions,-63949.98,-8347955.56,Tech Nest Solutions,TNS-3538-017,REF180913
TXN-1149,2024-05-14,Payment - Horizon Marketing Agency,-40306.46,-1807762.32,Horizon Marketing Agency,HMA-1475-001,REF507746
TXN-1509,2024-05-15,Payment - Orbit Technologies [ROUND],-250000,-19314334.21,Orbit Technologies,OT-RND-001,REF535810
TXN-1196,2024-05-17,Payment - Skyline Freight Services,-24816.25,-3365328.07,Skyline Freight Services,SFS-2680-021,REF112861
TXN-1469,2024-05-17,Payment - Falcon Logistics,-75499.0,-12769103.02,Falcon Logistics,FL-2213-003,REF574001
TXN-1660,2024-05-17,Grant Income - Q2,92121.81,-30988042.41,,,REF469283
TXN-1218,2024-05-20,Payment - Zenith Traders,-16636.22,-3802622.94,Zenith Traders,ZT-8172-016,REF184349
TXN-1476,2024-05-20,Payment - Sterling Renovations,-248016.17,-13988457.32,Sterling Renovations,SR-1430-004,REF478427
TXN-1228,2024-05-22,Payment - Zenith Traders,-16961.17,-3981706.82,Zenith Traders,ZT-5722-026,REF794769
TXN-1280,2024-05-23,Payment - Pinnacle HR Solutions,-54081.3,-5376503.37,Pinnacle HR Solutions,PHR-5689-021,REF913423
TXN-1573,2024-05-23,Payroll - Staff Salaries,-370397.54,-30319780.03,,,REF588002
TXN-1591,2024-05-23,Payroll - Management,-220660.67,-34245793.96,,,REF575458
TXN-1451,2024-05-24,Payment - BlueSky Events,-89594.88,-10411115.15,BlueSky Events,BSE-5369-003,REF940064
TXN-1627,2024-05-24,Bonus Payment - Q2,-148599.19,-39634177.86,,,REF756401
TXN-1650,2024-05-24,Refund - Overcharge Recovery,41037.62,-31530854.12,,,REF857505
TXN-1519,2024-05-25,Payment - Tech Nest Solutions [BENFORD],-83110,-20533583.21,Tech Nest Solutions,TNS-3610-903,REF639728
TXN-1609,2024-05-27,Bonus Payment - Q1,-149549.25,-36941663.2,,,REF544730
TXN-1288,2024-05-28,Payment - Pinnacle HR Solutions,-52012.74,-5812071.96,Pinnacle HR Solutions,PHR-5465-029,REF970813
TXN-1507,2024-05-29,Payment - Nova Media Group [ROUND],-300000,-18664334.21,Nova Media Group,NMG-RND-001,REF176517
TXN-1136,2024-05-31,Payment - BrightPath Consulting,-74693.26,-862640.05,BrightPath Consulting,BPC-7991-013,REF970914
TXN-1004,2024-06-01,Payment - Acme Suppliers Ltd,-45278.12,4822134.36,Acme Suppliers Ltd,ASL-1434-004,REF688508
TXN-1329,2024-06-01,Payment - Allied Security Ltd,-21783.77,-6496528.83,Allied Security Ltd,ASL-2874-006,REF994217
TXN-1669,2024-06-01,ATM Withdrawal,-15000,-30751368.09,,,REF491329
TXN-1436,2024-06-03,Payment - Global Print House,-15302.48,-9294139.24,Global Print House,GPH-1333-026,REF509420
TXN-1371,2024-06-06,Payment - Rapid Courier BD,-8752.93,-7211490.55,Rapid Courier BD,RCB-4176-016,REF913934
TXN-1111,2024-06-07,Payment - DESCO,-5288.4,154694.45,DESCO,DES-4114-023,REF367095
TXN-1125,2024-06-11,Payment - BrightPath Consulting,-72851.96,-53803.45,BrightPath Consulting,BPC-2530-002,REF958179
TXN-1133,2024-06-14,Payment - BrightPath Consulting,-71264.24,-633076.27,BrightPath Consulting,BPC-2988-010,REF578634
TXN-1113,2024-06-16,Payment - DESCO,-5199.8,144238.3,DESCO,DES-4228-025,REF481913
TXN-1203,2024-06-19,Payment - Zenith Traders,-17041.32,-3531519.57,Zenith Traders,ZT-5871-001,REF717113
TXN-1389,2024-06-19,Payment - Tech Nest Solutions,-58239.22,-7619480.71,Tech Nest Solutions,TNS-5634-005,REF506235
TXN-1664,2024-06-20,ATM Withdrawal,-5000,-30701368.09,,,REF979827
TXN-1679,2024-06-20,ATM Withdrawal,-10000,-30850368.09,,,REF352674
TXN-1630,2024-06-21,Client Payment - Alpha Corp,489141.22,-38210120.53,,,REF256466
TXN-1256,2024-06-22,Payment - Delta Office Supplies,-8120.07,-4215728.69,Delta Office Supplies,DOS-8486-027,REF116093
TXN-1398,2024-06-23,Payment - Tech Nest Solutions,-62973.96,-8164968.98,Tech Nest Solutions,TNS-2531-014,REF777406
TXN-1675,2024-06-26,ATM Withdrawal,-20000,-30815368.09,,,REF661762
TXN-1039,2024-06-27,Payment - Greenview Properties,-121767.54,2071527.51,Greenview Properties,GP-9005-016,REF120422
TXN-1135,2024-06-27,Payment - BrightPath Consulting,-79024.38,-787946.8,BrightPath Consulting,BPC-8251-012,REF742412
TXN-1328,2024-06-27,Payment - Allied Security Ltd,-21516.12,-6474745.06,Allied Security Ltd,ASL-5831-005,REF575755
TXN-1348,2024-06-27,Payment - Allied Security Ltd,-21809.66,-6913015.85,Allied Security Ltd,ASL-4524-025,REF494468
TXN-1043,2024-06-29,Payment - Greenview Properties,-120078.11,1591258.1,Greenview Properties,GP-8787-020,REF676510
TXN-1510,2024-06-29,Payment - BlueSky Events [ROUND],-100000,-19414334.21,BlueSky Events,BE-RND-001,REF587002
TXN-1532,2024-06-29,Payment - Tech Nest Solutions [BENFORD],-88311,-21574898.21,Tech Nest Solutions,TNS-9351-916,REF613641
TXN-1541,2024-06-29,Payment - Zenith Traders [BENFORD],-82837,-22349287.21,Zenith Traders,ZT-8531-925,REF458955
TXN-1194,2024-06-30,Payment - Skyline Freight Services,-25815.9,-3314384.01,Skyline Freight Services,SFS-3073-019,REF387636
TXN-1409,2024-06-30,Payment - Tech Nest Solutions,-60423.69,-8836726.44,Tech Nest Solutions,TNS-8684-025,REF975679
TXN-1553,2024-07-01,Payment - Tech Nest Solutions [BENFORD],-61465,-23305380.21,Tech Nest Solutions,TNS-4804-937,REF874568
TXN-1190,2024-07-02,Payment - Skyline Freight Services,-26427.89,-3214586.14,Skyline Freight Services,SFS-4033-015,REF300845
TXN-1431,2024-07-02,Payment - Global Print House,-15718.34,-9218722.6,Global Print House,GPH-4963-021,REF853448
TXN-1080,2024-07-04,Payment - Trinity Telecom,-3393.49,299351.64,Trinity Telecom,TT-4492-027,REF630458
TXN-1403,2024-07-06,Payment - Tech Nest Solutions,-62537.44,-8480848.83,Tech Nest Solutions,TNS-1618-019,REF794083
TXN-1142,2024-07-07,Payment - BrightPath Consulting,-72864.13,-1313167.23,BrightPath Consulting,BPC-2320-019,REF245095
TXN-1145,2024-07-09,Payment - BrightPath Consulting,-73948.83,-1542242.89,BrightPath Consulting,BPC-7883-022,REF508396
TXN-1232,2024-07-09,Payment - Delta Office Supplies,-7579.69,-4023602.2,Delta Office Supplies,DOS-8569-003,REF533321
TXN-1446,2024-07-10,Payment - Summit Architects,-184736.68,-9777787.52,Summit Architects,SA-8756-002,REF365618
TXN-1662,2024-07-13,Grant Income - Q2,88877.23,-30797186.09,,,REF668471
TXN-1121,2024-07-15,Payment - DESCO,-5076.93,104538.84,DESCO,DES-4443-033,REF550770
TXN-1137,2024-07-15,Payment - BrightPath Consulting,-73334.58,-935974.63,BrightPath Consulting,BPC-8777-014,REF571932
TXN-1062,2024-07-17,Payment - Trinity Telecom,-3771.92,362477.32,Trinity Telecom,TT-2604-009,REF153045
TXN-1551,2024-07-17,Payment - Zenith Traders [BENFORD],-62252,-23146093.21,Zenith Traders,ZT-1084-935,REF265613
TXN-1658,2024-07-17,Grant Income - Q1,95713.63,-31173890.32,,,REF369826
TXN-1238,2024-07-18,Payment - Delta Office Supplies,-7859.78,-4070797.17,Delta Office Supplies,DOS-1224-009,REF679077
TXN-1012,2024-07-19,Payment - Acme Suppliers Ltd,-42048.94,4467950.94,Acme Suppliers Ltd,ASL-5803-012,REF969693
TXN-1095,2024-07-19,Payment - DESCO,-5056.15,235699.2,DESCO,DES-6050-007,REF482364
TXN-1086,2024-07-20,Payment - Trinity Telecom,-3475.87,278226.76,Trinity Telecom,TT-3546-033,REF385577
TXN-1186,2024-07-20,Payment - Skyline Freight Services,-25379.84,-3111869.14,Skyline Freight Services,SFS-9698-011,REF460455
TXN-1313,2024-07-21,Payment - Metro Cleaning Services,-12083.48,-6244793.6,Metro Cleaning Services,MCS-4817-022,REF444519
TXN-1384,2024-07-21,Payment - Rapid Courier BD,-8764.01,-7326732.88,Rapid Courier BD,RCB-1672-029,REF571579
TXN-1415,2024-07-21,Payment - Global Print House,-15866.44,-8977695.29,Global Print House,GPH-9452-005,REF992512
TXN-1477,2024-07-21,Payment - Sterling Renovations,-237895.36,-14226352.68,Sterling Renovations,SR-3126-005,REF741674
TXN-1068,2024-07-23,Payment - Trinity Telecom,-3406.25,341365.8,Trinity Telecom,TT-8973-015,REF262316
TXN-1342,2024-07-23,Payment - Allied Security Ltd,-21643.76,-6781934.89,Allied Security Ltd,ASL-7022-019,REF220465
TXN-1628,2024-07-23,Client Payment - Alpha Corp,433074.14,-39201103.71,,,REF774565
TXN-1292,2024-07-24,Payment - Metro Cleaning Services,-12035.2,-5991199.27,Metro Cleaning Services,MCS-6992-001,REF194689
TXN-1397,2024-07-26,Payment - Tech Nest Solutions,-56962.61,-8101995.02,Tech Nest Solutions,TNS-3093-013,REF802667
TXN-1026,2024-07-28,Payment - Greenview Properties,-120300.86,3627402.98,Greenview Properties,GP-9830-003,REF375504
TXN-1337,2024-07-29,Payment - Allied Security Ltd,-21172.81,-6672228.85,Allied Security Ltd,ASL-7730-014,REF470774
TXN-1467,2024-07-29,Payment - Falcon Logistics,-78826.6,-12615110.6,Falcon Logistics,FL-8311-001,REF324993
TXN-1377,2024-07-31,Payment - Rapid Courier BD,-9020.31,-7264713.25,Rapid Courier BD,RCB-6295-022,REF757685
TXN-1169,2024-08-02,Payment - Horizon Marketing Agency,-40282.09,-2604536.54,Horizon Marketing Agency,HMA-8018-021,REF793655
TXN-1347,2024-08-02,Payment - Allied Security Ltd,-21874.7,-6891206.19,Allied Security Ltd,ASL-1502-024,REF196214
TXN-1120,2024-08-05,Payment - DESCO,-4900.91,109615.76,DESCO,DES-5930-032,REF525800
TXN-1197,2024-08-10,Payment - Skyline Freight Services,-24780.06,-3390108.13,Skyline Freight Services,SFS-6582-022,REF293319
TXN-1464,2024-08-10,Payment - Nova Media Group,-100099.92,-12317613.14,Nova Media Group,NMG-3255-001,REF655178
TXN-1147,2024-08-12,Payment - BrightPath Consulting,-74761.63,-1692233.09,BrightPath Consulting,BPC-6763-024,REF413118
TXN-1340,2024-08-14,Payment - Allied Security Ltd,-21839.69,-6738527.59,Allied Security Ltd,ASL-9313-017,REF323072
TXN-1165,2024-08-15,Payment - Horizon Marketing Agency,-41280.29,-2441625.67,Horizon Marketing Agency,HMA-7149-017,REF515922
TXN-1122,2024-08-16,Payment - DESCO,-4867.51,99671.33,DESCO,DES-6279-034,REF587575
TXN-1440,2024-08-18,Payment - Global Print House,-15807.07,-9355131.03,Global Print House,GPH-6447-030,REF239890
TXN-1521,2024-08-20,Payment - Zenith Traders [BENFORD],-93944,-20722582.21,Zenith Traders,ZT-4524-905,REF470037
TXN-1027,2024-08-21,Payment - Greenview Properties,-118211.97,3509191.01,Greenview Properties,GP-6930-004,REF329974
TXN-1071,2024-08-21,Payment - Trinity Telecom,-3233.56,330921.25,Trinity Telecom,TT-9701-018,REF265080
TXN-1146,2024-08-21,Payment - BrightPath Consulting,-75228.56,-1617471.45,BrightPath Consulting,BPC-1320-023,REF998348
TXN-1225,2024-08-22,Payment - Zenith Traders,-16987.22,-3928884.02,Zenith Traders,ZT-2494-023,REF592841
TXN-1303,2024-08-24,Payment - Metro Cleaning Services,-11987.34,-6123644.86,Metro Cleaning Services,MCS-7797-012,REF786735
TXN-1641,2024-08-24,Service Revenue - Project X,277563.0,-32827283.84,,,REF859489
TXN-1368,2024-08-26,Payment - Rapid Courier BD,-9304.36,-7184785.2,Rapid Courier BD,RCB-7560-013,REF649414
TXN-1003,2024-08-27,Payment - Acme Suppliers Ltd,-44479.3,4867412.48,Acme Suppliers Ltd,ASL-4582-003,REF343962
TXN-1255,2024-08-27,Payment - Delta Office Supplies,-7932.02,-4207608.62,Delta Office Supplies,DOS-8213-026,REF204555
TXN-1321,2024-08-30,Payment - Metro Cleaning Services,-12412.52,-6341564.13,Metro Cleaning Services,MCS-1710-030,REF862569
TXN-1075,2024-08-31,Payment - Trinity Telecom,-3548.09,316774.31,Trinity Telecom,TT-9565-022,REF431737
TXN-1209,2024-08-31,Payment - Zenith Traders,-17848.18,-3642846.46,Zenith Traders,ZT-5720-007,REF841296
TXN-1503,2024-08-31,Payment - Pinnacle HR Solutions [THRESHOLD],-99600,-17514334.21,Pinnacle HR Solutions,PHS-TH-001,REF403742
TXN-1396,2024-09-01,Payment - Tech Nest Solutions,-59250.86,-8045032.41,Tech Nest Solutions,TNS-2388-012,REF424620
TXN-1522,2024-09-03,Payment - Acme Suppliers Ltd [BENFORD],-64609,-20787191.21,Acme Suppliers Ltd,ASL-9108-906,REF983791
TXN-1219,2024-09-04,Payment - Zenith Traders,-18618.28,-3821241.22,Zenith Traders,ZT-6280-017,REF733039
TXN-1391,2024-09-04,Payment - Tech Nest Solutions,-63206.67,-7741234.35,Tech Nest Solutions,TNS-6482-007,REF169113
TXN-1357,2024-09-05,Payment - Rapid Courier BD,-9190.99,-7085133.91,Rapid Courier BD,RCB-4460-002,REF904624
TXN-1453,2024-09-08,Payment - Pioneer Legal Associates,-133783.51,-10682834.18,Pioneer Legal Associates,PLA-5813-002,REF436814
TXN-1528,2024-09-08,Payment - Tech Nest Solutions [BENFORD],-82363,-21242119.21,Tech Nest Solutions,TNS-4261-912,REF633853
TXN-1646,2024-09-10,Service Revenue - Project Y,192192.91,-31702203.55,,,REF350956
TXN-1163,2024-09-12,Payment - Horizon Marketing Agency,-38054.1,-2361899.28,Horizon Marketing Agency,HMA-2876-015,REF915573
TXN-1045,2024-09-13,Payment - Greenview Properties,-119083.46,1352957.11,Greenview Properties,GP-9835-022,REF891952
TXN-1353,2024-09-13,Payment - Allied Security Ltd,-21552.14,-7023485.05,Allied Security Ltd,ASL-9394-030,REF219346
TXN-1460,2024-09-14,Payment - Apex Recruitment,-82832.16,-11958779.96,Apex Recruitment,AR-8179-001,REF136489
TXN-1468,2024-09-18,Payment - Falcon Logistics,-78493.43,-12693604.03,Falcon Logistics,FL-5678-002,REF827691
TXN-1496,2024-09-19,Payment - Horizon Marketing Agency [THRESHOLD],-49750,-17115734.21,Horizon Marketing Agency,HMA-TH-002,REF143195
TXN-1297,2024-09-26,Payment - Metro Cleaning Services,-12431.53,-6051745.38,Metro Cleaning Services,MCS-4626-006,REF779112
TXN-1205,2024-09-27,Payment - Zenith Traders,-19415.24,-3569830.8,Zenith Traders,ZT-2625-003,REF899787
TXN-1501,2024-09-27,Payment - Acme Suppliers Ltd [THRESHOLD],-49950,-17364934.21,Acme Suppliers Ltd,ACM-TH-001,REF536822
TXN-1259,2024-09-30,Payment - Delta Office Supplies,-7846.9,-4239440.69,Delta Office Supplies,DOS-6383-030,REF993744
TXN-1037,2024-10-02,Payment - Greenview Properties,-119358.29,2315337.72,Greenview Properties,GP-4258-014,REF260263
TXN-1499,2024-10-02,Payment - Tech Nest Solutions [THRESHOLD],-24800,-17215284.21,Tech Nest Solutions,TNS-TH-002,REF377511
TXN-1167,2024-10-04,Payment - Horizon Marketing Agency,-40104.14,-2521938.18,Horizon Marketing Agency,HMA-5941-019,REF991597
TXN-1013,2024-10-05,Payment - Acme Suppliers Ltd,-41489.67,4426461.27,Acme Suppliers Ltd,ASL-4150-013,REF838797
TXN-1376,2024-10-05,Payment - Rapid Courier BD,-8562.92,-7255692.93,Rapid Courier BD,RCB-9095-021,REF586490
TXN-1129,2024-10-06,Payment - BrightPath Consulting,-70753.99,-347276.56,BrightPath Consulting,BPC-7291-006,REF618392
TXN-1200,2024-10-06,Payment - Skyline Freight Services,-24181.16,-3465691.48,Skyline Freight Services,SFS-1878-025,REF259097
TXN-1493,2024-10-06,Payment - BrightPath Consulting [THRESHOLD],-99500,-16916184.21,BrightPath Consulting,BPC-TH-002,REF261684
TXN-1534,2024-10-06,Payment - Acme Suppliers Ltd [BENFORD],-99563,-21764733.21,Acme Suppliers Ltd,ASL-6040-918,REF127941
TXN-1237,2024-10-07,Payment - Delta Office Supplies,-7828.04,-4062937.39,Delta Office Supplies,DOS-3594-008,REF425845
TXN-1667,2024-10-07,ATM Withdrawal,-10000,-30731368.09,,,REF171269
TXN-1051,2024-10-08,Payment - Greenview Properties,-120522.46,633554.34,Greenview Properties,GP-1514-028,REF446479
TXN-1263,2024-10-10,Payment - Pinnacle HR Solutions,-54802.77,-4455659.61,Pinnacle HR Solutions,PHR-3725-004,REF827712
TXN-1327,2024-10-10,Payment - Allied Security Ltd,-21186.06,-6453228.94,Allied Security Ltd,ASL-7240-004,REF726410
TXN-1088,2024-10-11,Payment - Trinity Telecom,-3383.2,271494.48,Trinity Telecom,TT-5325-035,REF629959
TXN-1017,2024-10-12,Payment - Acme Suppliers Ltd,-45721.06,4254864.17,Acme Suppliers Ltd,ASL-6820-017,REF319684
TXN-1139,2024-10-14,Payment - BrightPath Consulting,-74111.63,-1085675.07,BrightPath Consulting,BPC-8939-016,REF757193
TXN-1311,2024-10-16,Payment - Metro Cleaning Services,-11923.38,-6220763.72,Metro Cleaning Services,MCS-6464-020,REF355400
TXN-1458,2024-10-16,Payment - Crest Insurance BD,-200385.6,-11661501.45,Crest Insurance BD,CIB-1939-004,REF178686
TXN-1365,2024-10-17,Payment - Rapid Courier BD,-8871.0,-7156915.18,Rapid Courier BD,RCB-1341-010,REF440544
TXN-1034,2024-10-18,Payment - Greenview Properties,-118307.33,2673840.48,Greenview Properties,GP-6573-011,REF216970
TXN-1106,2024-10-18,Payment - DESCO,-5067.18,180471.36,DESCO,DES-9346-018,REF519093
TXN-1414,2024-10-18,Payment - Global Print House,-14689.34,-8961828.85,Global Print House,GPH-8873-004,REF489244
TXN-1659,2024-10-19,Grant Income - Q2,93726.1,-31080164.22,,,REF875520
TXN-1663,2024-10-19,Grant Income - Q2,100818.0,-30696368.09,,,REF161585
TXN-1025,2024-10-20,Payment - Greenview Properties,-118862.36,3747703.84,Greenview Properties,GP-5040-002,REF881177
TXN-1153,2024-10-20,Payment - Horizon Marketing Agency,-37285.77,-1965599.39,Horizon Marketing Agency,HMA-3977-005,REF152727
TXN-1373,2024-10-22,Payment - Rapid Courier BD,-9087.53,-7229304.05,Rapid Courier BD,RCB-3399-018,REF368402
TXN-1171,2024-10-25,Payment - Horizon Marketing Agency,-38416.55,-2681596.77,Horizon Marketing Agency,HMA-9031-023,REF210665
TXN-1213,2024-10-25,Payment - Zenith Traders,-18279.55,-3715607.04,Zenith Traders,ZT-3330-011,REF174878
TXN-1423,2024-10-27,Payment - Global Print House,-14827.84,-9098341.03,Global Print House,GPH-1627-013,REF400814
TXN-1063,2024-10-29,Payment - Trinity Telecom,-3728.19,358749.13,Trinity Telecom,TT-2528-010,REF890170
TXN-1159,2024-10-29,Payment - Horizon Marketing Agency,-40364.64,-2204357.85,Horizon Marketing Agency,HMA-5051-011,REF309044
TXN-1330,2024-11-01,Payment - Allied Security Ltd,-21831.34,-6518360.17,Allied Security Ltd,ASL-4522-007,REF550961
TXN-1131,2024-11-02,Payment - BrightPath Consulting,-72579.02,-492669.54,BrightPath Consulting,BPC-2746-008,REF916232
TXN-1344,2024-11-04,Payment - Allied Security Ltd,-21511.23,-6824473.3,Allied Security Ltd,ASL-5381-021,REF130359
TXN-1124,2024-11-05,Payment - BrightPath Consulting,-75739.48,19048.51,BrightPath Consulting,BPC-2389-001,REF397571
TXN-1278,2024-11-05,Payment - Pinnacle HR Solutions,-52869.05,-5269511.5,Pinnacle HR Solutions,PHR-7484-019,REF387813
TXN-1322,2024-11-05,Payment - Metro Cleaning Services,-12337.16,-6353901.29,Metro Cleaning Services,MCS-9543-031,REF416282
TXN-1672,2024-11-06,ATM Withdrawal,-15000,-30782368.09,,,REF116495
TXN-1207,2024-11-07,Payment - Zenith Traders,-18387.8,-3606781.3,Zenith Traders,ZT-2229-005,REF264136
TXN-1316,2024-11-07,Payment - Metro Cleaning Services,-11956.08,-6281611.52,Metro Cleaning Services,MCS-1422-025,REF238205
TXN-1310,2024-11-09,Payment - Metro Cleaning Services,-12213.48,-6208840.34,Metro Cleaning Services,MCS-4475-019,REF772875
TXN-1540,2024-11-09,Payment - DESCO [BENFORD],-79189,-22266450.21,DESCO,DES-6325-924,REF601608
TXN-1119,2024-11-11,Payment - DESCO,-5251.95,114516.68,DESCO,DES-3851-031,REF745414
TXN-1434,2024-11-11,Payment - Global Print House,-14706.04,-9263168.84,Global Print House,GPH-2402-024,REF648913
TXN-1338,2024-11-12,Payment - Allied Security Ltd,-21662.33,-6693891.18,Allied Security Ltd,ASL-7929-015,REF856086
TXN-1117,2024-11-13,Payment - DESCO,-4846.78,124868.04,DESCO,DES-5844-029,REF681343
TXN-1671,2024-11-13,ATM Withdrawal,-8000,-30767368.09,,,REF606676
TXN-1084,2024-11-14,Payment - Trinity Telecom,-3338.19,285262.4,Trinity Telecom,TT-5905-031,REF795613
TXN-1018,2024-11-17,Payment - Acme Suppliers Ltd,-43765.06,4211099.11,Acme Suppliers Ltd,ASL-5374-018,REF835911
TXN-1399,2024-11-17,Payment - Tech Nest Solutions,-57983.68,-8222952.66,Tech Nest Solutions,TNS-6940-015,REF423869
TXN-1047,2024-11-18,Payment - Greenview Properties,-119052.33,1113424.19,Greenview Properties,GP-9479-024,REF573417
TXN-1459,2024-11-18,Payment - Crest Insurance BD,-214446.35,-11875947.8,Crest Insurance BD,CIB-3621-005,REF132653
TXN-1629,2024-11-18,Client Payment - Alpha Corp,501841.96,-38699261.75,,,REF499669
TXN-1642,2024-11-18,Service Revenue - Project X,265084.84,-32562199.0,,,REF449138
TXN-1222,2024-11-19,Payment - Zenith Traders,-17729.58,-3876237.29,Zenith Traders,ZT-5415-020,REF704238
TXN-1294,2024-11-19,Payment - Metro Cleaning Services,-12048.75,-6015804.0,Metro Cleaning Services,MCS-5295-003,REF712955
TXN-1640,2024-11-20,Client Payment - Delta Group,405397.73,-33104846.84,,,REF176319
TXN-1677,2024-11-21,ATM Withdrawal,-15000,-30835368.09,,,REF945328
TXN-1272,2024-11-24,Payment - Pinnacle HR Solutions,-52217.13,-4944764.76,Pinnacle HR Solutions,PHR-9955-013,REF265649
TXN-1393,2024-11-25,Payment - Tech Nest Solutions,-58616.32,-7860945.53,Tech Nest Solutions,TNS-3463-009,REF449555
TXN-1107,2024-11-26,Payment - DESCO,-5221.57,175249.79,DESCO,DES-1452-019,REF220944
TXN-1481,2024-11-27,Payment - Prestige Catering,-43749.59,-14836669.18,Prestige Catering,PC-3981-001,REF905077
TXN-1097,2024-11-29,Payment - DESCO,-5000.25,225623.58,DESCO,DES-7658-009,REF750810
TXN-1471,2024-11-29,Payment - Falcon Logistics,-83626.24,-12929270.9,Falcon Logistics,FL-6692-005,REF844007
TXN-1019,2024-11-30,Payment - Acme Suppliers Ltd,-43033.7,4168065.41,Acme Suppliers Ltd,ASL-3803-019,REF660086
TXN-1269,2024-11-30,Payment - Pinnacle HR Solutions,-55190.81,-4780842.23,Pinnacle HR Solutions,PHR-3344-010,REF343467
TXN-1168,2024-12-01,Payment - Horizon Marketing Agency,-42316.27,-2564254.46,Horizon Marketing Agency,HMA-2983-020,REF934904
